{
    "parameters": [
        8.38693941043089,
        4.890141530279823,
        2.2085269642064627,
        0.7401076886128988
    ],
    "gflops": [
        19.202413664139083,
        2.672784226215358,
        0.6778094910273934,
        0.0
    ],
    "fsize": [
        8.220889289073853,
        4.846457648811878,
        2.1757111878022473,
        0.7399062909502832
    ],
    "inference_power_draw": [
        1.8052095901385745,
        1.1358154469107322,
        0.8662052302144096,
        0.49503222117931994
    ],
    "inference_time": [
        1.7313204215431415,
        1.15037553829267,
        0.8826389701854338,
        0.49431878902092663
    ],
    "top1_val": [
        1.0214309865015994,
        1.0,
        0.9534968399698301,
        0.9289148797920729
    ],
    "top5_val": [
        1.0124626126278988,
        1.0,
        0.9741456338868539,
        0.9658507486124669
    ],
    "train_power_draw_epoch": [
        2.5198231746738555,
        1.4143667562470452,
        1.0107824298037031,
        0.7187317314392002
    ],
    "train_power_draw": [
        1.1262860986893752,
        1.0,
        0.7588663854696236,
        0.5627471141302683
    ],
    "train_time_epoch": [
        1.8549102957830492,
        1.362230091894449,
        0.9798405526216245,
        0.7326213479134631
    ],
    "train_time": [
        1.2658511191178634,
        0.9584208963280277,
        0.6975618859241539,
        0.3314228181243759
    ]
}