{
    "parameters": [
        8.388153353559346,
        4.133531624762115,
        2.1056703353988104,
        0.7881387620299001
    ],
    "gflops": [
        8.153914533274444,
        1.843695281258034,
        0.5411008415363014,
        0.0
    ],
    "fsize": [
        8.105811665970194,
        4.086073960960363,
        2.0868705211650247,
        0.7862579316754617
    ],
    "inference_power_draw": [
        1.805654194161901,
        1.1489751798276184,
        0.8659849012856822,
        0.49503222117931994
    ],
    "inference_time": [
        1.731320421543142,
        1.1503755382926697,
        0.8822199695377861,
        0.4943187890209268
    ],
    "top1_val": [
        1.0264786418745482,
        1.0,
        0.9677457352569474,
        0.9291331731871457
    ],
    "top5_val": [
        1.0139029436276825,
        1.0,
        0.9848943970549883,
        0.9654711919632885
    ],
    "train_power_draw_epoch": [
        1.8844547144875523,
        1.2229520371079234,
        1.0,
        0.6847980441703946
    ],
    "train_power_draw": [
        1.126396724437425,
        0.9986413731728081,
        0.7260828297820313,
        0.5288214804499936
    ],
    "train_time_epoch": [
        1.6838732425718106,
        1.1498635511864121,
        0.8787892784446268,
        0.6666876771538292
    ],
    "train_time": [
        1.2658511191178634,
        0.9707360442223633,
        0.628337961115944,
        0.27806341420333164
    ]
}